Type,Total_Number
New Zealand,5706643.584
Congo,6069651.618
Canada,6400194.621
Solomon Islands,9231819.849
Gabon,10664314.946
Bhutan,12080837.232
Papua New Guinea,12566416.805
Suriname,14000179.620000001
Guyana,19611067.669999998
Iceland,40634351.52